LastPayDex,PayDex2,PayDex4
60.5,80.0,76.75
45.75,45.5,64.5
74.5,75.5,73.5
64.5,61.5,64.75
80.0,79.25,80.0
80.0,80.0,80.0
80.0,80.0,80.0
64.75,62.75,62.75
56.75,59.75,66.0
77.75,80.0,67.25
62.25,64.5,70.75
78.25,80.0,80.0
64.75,80.0,79.75
72.25,59.0,69.75
65.5,60.0,60.5
57.0,76.0,78.0
44.75,56.25,58.75
71.0,79.75,72.5
80.25,79.25,73.75
68.25,68.0,73.5
69.25,79.75,77.0
74.0,72.25,80.25
50.0,50.0,50.0
57.5,71.25,80.5
76.0,79.0,76.5
80.0,80.0,80.0
79.75,78.5,78.0
79.0,80.0,80.0
31.0,47.0,70.0
80.0,80.0,80.0
76.75,81.75,79.0
72.75,66.25,67.75
80.0,80.0,80.0
66.25,66.25,73.0
81.0,80.75,81.5
55.0,55.0,61.25
63.0,79.0,79.0
73.0,60.25,72.75
45.75,45.5,66.0
78.25,79.0,73.5
73.25,61.5,64.75
20.0,71.25,80.5
2.0,80.0,74.0
79.75,78.5,78.0
67.25,78.5,71.75
80.0,65.75,73.0
47.75,57.5,57.5
73.25,73.25,78.75
80.0,80.0,50.0
75.25,75.25,63.5
68.0,74.0,74.0
78.25,77.5,77.5
80.0,80.0,80.0
70.5,71.25,75.75
80.0,80.0,78.75
78.25,79.5,80.0
71.25,77.5,77.5
79.25,78.5,74.25
80.0,80.0,80.0
72.75,68.0,73.0
63.5,64.25,68.25
80.0,80.0,79.0
79.0,80.0,80.0
80.0,80.0,80.0
73.0,77.0,76.0
80.0,80.0,71.25
80.0,80.0,74.25
74.0,76.0,73.75
79.0,79.0,79.5
69.0,69.0,78.75
73.25,72.75,79.75
67.25,78.5,71.75
75.75,79.5,78.75
75.75,80.0,73.75
56.0,56.75,60.75
76.5,79.75,75.0
78.5,73.25,74.0
66.5,69.0,69.0
80.0,80.0,52.0
76.0,81.0,74.75
62.25,61.5,59.0
58.25,58.75,58.5
77.0,71.0,74.0
77.5,79.25,80.0
65.0,49.5,78.25
74.5,80.0,77.0
61.5,61.5,46.0
80.0,80.0,29.0
79.0,77.75,70.75
80.0,80.0,80.0
71.5,70.0,73.5
74.5,78.25,64.0
78.25,79.0,77.75
76.0,79.0,76.5
74.0,77.0,77.75
73.75,72.25,80.25
72.75,75.75,74.75
61.5,61.0,61.0
78.5,79.75,73.75
66.0,65.75,76.75
70.0,74.25,75.25
76.75,79.75,80.5
84.0,80.5,75.5
76.0,77.0,77.0
77.5,78.25,78.5
79.25,77.25,73.75
80.0,80.25,80.0
78.25,80.0,80.0
67.5,68.0,68.0
73.0,70.5,75.25
80.0,79.25,79.0
73.25,73.25,78.75
74.5,78.25,78.0
68.75,74.25,78.75
80.0,80.0,70.5
78.25,80.0,80.0
78.0,79.0,80.0
76.0,80.0,80.0
70.5,77.25,79.75
80.0,80.0,80.0
80.0,80.0,80.0
69.75,69.0,79.0
79.0,79.0,75.0
78.0,79.0,80.0
80.0,73.25,74.75
79.5,80.0,77.25
74.25,71.5,76.5
80.0,78.5,56.75
77.0,74.25,75.0
80.0,78.75,75.25
78.0,78.0,61.0
80.0,78.25,75.25
71.75,61.5,61.5
71.0,76.0,76.25
65.25,65.5,65.5
58.75,58.75,65.5
80.0,80.0,80.0
60.75,72.5,77.0
78.5,80.0,78.5
80.0,80.0,79.5
79.0,73.25,80.0
66.75,70.0,73.5
62.25,62.75,61.5
81.25,81.5,81.5
34.0,37.0,55.75
71.5,70.0,73.5
80.0,80.0,80.0
58.75,57.75,71.75
79.25,79.75,80.0
67.5,63.25,75.0
80.0,66.25,71.25
78.75,80.0,79.0
62.0,58.0,59.5
59.0,77.25,78.25
80.0,80.0,72.5
80.0,75.0,72.75
80.0,80.0,80.0
80.0,80.0,80.0
80.0,80.0,80.0
80.0,60.0,51.0
79.0,79.0,80.0
79.0,73.25,80.0
79.5,80.0,80.0
74.0,70.0,74.0
88.0,88.0,80.0
67.5,68.0,68.0
76.75,77.5,72.25
77.75,75.75,63.75
77.25,77.5,72.5
64.5,70.75,71.75
76.0,74.25,75.25
70.75,75.25,73.75
81.0,80.25,80.0
44.5,44.5,61.25
77.25,77.25,77.0
80.0,80.0,78.0
47.0,54.0,71.0
60.5,48.25,52.75
79.5,80.0,80.0
61.0,59.0,78.75
80.0,80.0,79.0
47.0,57.0,58.0
79.25,78.5,74.25
77.5,72.75,68.75
79.5,76.75,80.0
71.5,70.0,75.0
80.0,72.25,79.0
86.0,86.0,86.0
69.25,65.25,79.5
71.0,72.75,78.0
78.25,73.25,80.0
71.5,71.5,74.75
78.0,77.0,77.0
80.0,80.0,80.0
66.5,75.75,73.75
80.0,80.0,80.0
80.0,80.0,78.0
67.0,80.0,80.0
62.25,62.75,67.0
78.0,79.75,77.5
80.0,80.0,68.0
72.0,76.25,72.0
61.5,58.25,55.5
67.5,68.0,68.0
61.0,63.0,76.5
64.25,73.75,79.0
80.0,73.75,79.75
47.0,60.0,53.5
78.0,80.0,75.0
75.25,75.25,79.0
78.5,79.75,73.75
79.25,77.25,73.75
66.75,74.5,71.5
79.75,79.75,77.0
74.0,80.0,70.5
6.0,4.0,4.0
80.0,80.0,80.0
80.0,59.0,72.75
69.25,70.0,79.5
80.0,62.5,74.75
65.75,65.0,79.0
80.0,80.0,79.0
79.75,72.75,77.0
74.0,78.0,78.0
62.25,61.0,59.0
45.0,62.25,76.25
62.5,58.25,75.75
62.0,65.25,68.25
78.25,78.25,79.5
79.75,79.0,80.0
79.5,79.75,80.0
75.75,80.0,80.0
80.0,80.0,80.0
77.5,74.25,69.25
73.5,72.25,76.0
80.25,80.25,80.0
78.75,77.25,79.5
79.0,77.5,77.5
62.25,63.0,60.0
80.0,78.25,71.0
67.5,66.75,79.25
56.75,59.75,66.0
80.0,80.0,78.25
77.75,72.25,76.5
73.0,69.75,76.25
80.0,79.5,78.25
81.0,80.0,78.5
65.0,48.0,48.0
76.0,76.0,80.0
72.0,73.0,73.0
77.75,79.0,78.0
71.5,71.5,74.75
56.0,59.25,63.75
65.0,62.0,59.0
79.25,80.0,79.5
67.25,70.5,71.75
53.0,53.0,73.0
79.5,80.0,80.0
75.5,76.25,71.5
74.0,73.0,78.75
76.5,73.0,73.25
80.0,80.0,80.0
61.75,61.0,75.75
80.0,78.5,80.0
80.0,80.0,80.0
78.75,65.25,79.75
57.0,77.0,79.0
41.0,47.5,61.25
77.25,79.5,73.75
78.0,79.0,74.25
68.0,77.25,61.75
80.0,79.5,80.0
80.0,79.5,61.75
80.0,80.0,78.5
81.0,83.0,86.0
73.25,76.0,76.5
68.0,77.25,62.0
78.5,79.75,79.5
80.0,68.0,67.0
80.0,80.0,75.75
60.75,62.0,61.5
70.25,60.5,75.75
79.25,79.25,79.25
71.0,72.75,78.0
80.0,80.0,80.0
69.0,77.0,78.75
78.0,78.0,77.0
58.25,57.0,74.5
71.0,72.75,68.5
47.0,60.0,61.5
45.75,45.5,66.0
74.0,72.25,80.25
71.25,77.5,77.5
68.0,74.0,72.0
79.25,77.25,73.75
78.25,73.25,80.0
65.0,80.0,80.0
80.0,80.0,80.0
48.75,60.0,60.5
77.0,78.5,78.0
80.0,80.0,80.0
80.0,80.0,70.0
68.0,74.0,74.0
80.0,80.0,80.0
74.0,55.0,79.0
66.25,77.5,70.0
61.0,73.0,72.0
66.75,62.25,78.25
72.5,70.5,71.75
75.75,73.75,74.5
74.5,78.25,78.25
80.0,80.0,63.5
70.5,63.25,73.25
38.25,42.75,47.25
79.5,79.75,78.5
64.0,72.5,79.5
76.0,77.75,68.5
80.0,59.0,72.25
66.0,72.5,78.5
27.0,28.0,27.0
71.5,70.0,73.5
68.75,75.0,69.75
80.0,78.25,77.75
69.75,69.0,67.0
79.75,76.25,75.25
80.0,80.0,80.0
61.25,60.0,61.5
79.25,77.25,74.5
75.25,72.5,72.25
79.75,79.75,80.0
74.5,78.25,78.25
76.0,76.75,74.0
74.5,74.25,74.25
80.0,71.5,75.75
80.0,80.0,80.0
66.75,78.5,73.75
79.0,76.0,80.0
77.25,68.25,64.5
80.0,80.0,62.0
53.75,62.75,67.75
71.5,75.25,73.5
80.0,80.0,60.75
78.25,77.75,77.25
81.0,80.0,74.0
78.5,79.5,69.5
66.75,79.25,79.0
67.25,61.5,61.5
73.0,75.75,75.75
64.5,78.0,77.25
66.0,72.5,74.25
66.0,67.25,74.25
70.0,73.5,72.75
80.0,80.0,79.0
78.0,77.25,70.5
78.75,79.75,78.0
78.75,74.0,72.0
78.0,78.0,74.0
71.25,75.75,73.75
76.0,76.0,76.0
56.0,59.25,63.75
49.5,67.5,65.0
80.0,80.0,80.0
79.75,77.5,77.5
67.75,73.75,79.75
79.75,79.75,77.0
80.25,80.25,80.0
71.25,79.0,76.5
80.0,80.0,80.0
80.0,51.5,80.0
62.25,67.75,72.0
77.0,77.0,68.25
73.0,73.0,73.0
24.0,50.0,79.0
80.0,80.0,78.0
79.0,79.25,65.75
75.0,74.0,80.0
73.5,71.0,71.5
74.0,56.25,57.5
75.25,70.0,73.5
78.5,80.0,78.5
80.0,80.0,80.0
78.5,75.5,76.0
57.75,60.0,59.25
73.25,75.5,74.0
80.0,80.0,79.0
67.25,60.0,53.25
80.0,80.0,80.0
56.25,56.25,73.25
79.0,76.0,80.0
78.25,77.5,77.5
80.0,79.0,79.0
73.0,70.25,68.75
77.75,72.25,76.5
80.0,80.0,80.0
80.0,76.75,71.75
79.25,77.25,73.75
80.0,59.75,63.5
80.0,74.0,60.75
72.0,75.25,79.75
66.0,72.5,78.5
72.75,75.75,74.75
80.0,80.0,80.0
30.0,80.0,80.0
80.0,80.0,80.0
69.0,73.0,80.0
62.0,61.25,46.25
74.25,60.5,79.25
80.0,80.0,80.0
78.75,77.0,79.5
49.75,61.5,58.75
76.0,76.0,76.0
80.0,80.0,73.75
73.75,71.25,70.75
78.25,76.75,77.0
77.0,77.0,80.0
70.0,80.0,79.0
67.0,80.0,74.25
77.5,80.5,75.75
63.75,59.25,59.25
79.0,79.0,78.0
80.0,77.75,47.0
77.5,78.5,79.5
80.0,72.75,76.75
79.25,72.0,62.75
80.0,87.25,83.25
65.25,72.5,72.0
79.0,79.0,79.0
78.0,64.5,70.75
80.0,79.0,78.5
78.0,72.0,73.0
72.75,65.5,70.0
79.5,78.0,77.0
60.75,59.25,60.0
61.75,61.25,73.25
80.0,80.0,80.0
42.75,43.5,62.5
77.0,74.5,74.25
69.0,80.0,80.0
66.0,65.75,78.5
80.0,74.0,60.75
80.0,80.0,78.5
78.5,71.25,71.75
71.0,72.5,80.25
60.75,72.75,77.75
80.0,80.0,78.75
71.0,73.75,79.75
50.25,51.75,54.75
80.0,79.5,80.0
78.25,80.0,80.0
4.0,4.0,32.0
80.0,80.0,67.0
79.5,79.25,65.75
75.0,64.0,63.0
79.5,79.5,78.5
74.0,76.0,73.75
79.0,79.25,78.5
76.0,81.0,81.0
79.5,80.0,78.5
70.0,80.0,71.5
61.0,65.5,64.75
41.5,56.25,61.0
65.25,47.5,47.5
69.5,79.75,68.25
80.0,80.0,79.0
49.75,42.25,49.25
79.25,77.75,78.5
53.0,51.0,77.75
80.25,76.5,76.75
63.0,78.5,78.5
78.25,76.75,77.0
80.0,56.0,71.0
73.75,75.75,79.25
80.0,80.0,80.0
75.75,74.5,73.5
73.0,70.0,54.0
73.0,70.25,74.75
75.0,74.25,73.25
65.0,67.0,80.0
79.5,79.0,72.75
80.0,80.0,80.0
73.25,71.0,76.5
61.5,61.5,46.0
80.0,80.0,80.0
81.25,81.5,81.5
80.0,80.0,60.0
78.25,80.0,80.0
78.75,79.25,78.25
80.0,80.0,80.0
79.25,75.75,76.5
80.0,80.0,80.0
76.75,61.25,70.25
45.75,45.5,66.0
78.5,67.5,78.5
71.5,79.0,78.75
80.0,80.0,73.75
75.75,71.25,75.75
80.0,80.0,80.0
40.0,40.0,79.0
79.0,78.0,80.0
73.75,68.25,76.0
80.0,80.0,80.0
70.0,74.5,79.0
75.0,74.25,73.25
62.0,63.0,73.25
74.0,80.0,78.5
79.0,80.0,80.0
80.0,80.0,80.0
80.0,80.0,80.0
41.0,46.0,70.0
79.25,72.5,76.75
80.0,80.0,80.0
79.0,73.25,80.0
70.0,79.5,80.75
73.5,73.75,70.75
77.5,72.75,68.75
79.75,74.25,75.0
62.0,61.25,60.0
80.0,73.25,80.0
80.0,80.0,72.0
80.0,78.75,80.0
75.0,73.5,77.5
50.0,50.0,50.0
63.0,70.25,74.75
80.0,80.0,63.5
53.5,71.25,80.5
80.0,73.25,80.0
80.0,80.0,80.0
78.5,77.5,72.25
72.75,54.5,69.0
63.0,64.0,64.0
81.25,80.75,81.5
77.25,77.75,75.0
71.0,77.25,76.5
80.0,80.0,80.0
61.5,61.0,61.0
80.0,80.0,80.0
80.0,80.0,80.0
75.5,75.5,78.75
58.25,60.75,60.5
80.0,80.0,80.0
80.0,80.0,63.5
80.0,80.0,80.0
76.0,77.0,79.25
80.25,80.25,76.25
80.0,80.0,80.0
79.5,81.0,78.0
75.75,73.75,74.5
79.25,79.25,79.0
74.75,75.0,73.75
47.0,64.75,58.0
80.0,80.0,80.0
69.5,79.75,77.75
64.75,78.5,78.25
78.25,80.0,80.0
80.0,71.25,71.25
70.0,60.25,60.75
55.0,55.0,61.5
72.25,65.25,69.75
78.0,80.0,80.0
80.0,80.0,80.0
76.0,76.75,74.0
80.0,80.0,80.0
77.5,77.5,65.25
80.0,80.0,80.0
6.0,5.0,80.0
64.75,78.5,71.5
62.25,67.5,78.5
78.5,73.25,74.0
66.75,62.5,61.5
80.0,80.0,80.0
76.5,75.0,74.5
76.25,72.0,67.0
68.5,71.0,70.5
79.5,77.5,77.5
80.0,80.0,80.0
80.0,80.0,80.0
52.0,50.0,82.0
80.0,53.0,56.0
71.0,61.25,58.25
81.0,81.0,82.0
68.75,66.75,71.5
71.5,70.0,73.5
80.0,59.25,70.75
75.0,75.0,77.0
68.25,60.5,68.75
80.0,78.5,79.0
80.0,56.0,72.75
73.25,74.5,72.75
72.0,77.0,80.0
80.0,80.0,80.0
84.0,84.0,85.0
44.25,46.75,46.5
77.5,73.75,73.25
66.0,65.75,78.5
79.5,79.5,78.5
59.25,65.75,73.0
80.0,80.0,78.75
75.25,65.5,70.0
80.0,80.0,80.0
65.25,65.25,78.75
74.25,73.5,73.25
79.75,62.75,60.75
80.0,80.0,76.25
53.5,61.5,61.5
74.5,75.5,80.0
58.75,58.75,65.5
80.0,80.0,80.0
71.0,76.5,60.0
59.75,72.75,76.25
4.0,4.0,72.0
79.0,80.0,80.0
76.5,73.0,73.5
78.5,73.25,74.0
71.25,77.25,77.5
80.0,80.0,66.5
80.0,80.0,80.0
64.75,80.0,71.75
79.0,83.75,78.75
77.0,74.25,77.0
50.25,77.5,73.0
61.0,66.0,66.0
77.25,76.0,75.5
79.5,81.0,80.75
78.75,80.0,79.0
57.5,71.25,80.5
77.25,78.75,76.0
80.0,80.0,70.0
79.0,79.0,80.0
46.0,46.0,59.0
75.75,76.75,80.0
80.0,77.0,76.75
73.75,72.25,80.25
81.0,80.0,78.5
77.0,77.0,55.0
70.75,55.25,55.5
80.0,80.0,80.0
80.0,80.0,80.0
69.75,64.25,79.0
79.5,78.0,77.0
67.5,68.0,68.0
43.5,59.5,74.25
80.0,69.0,53.25
80.0,80.0,80.0
55.5,58.75,65.5
68.5,62.75,77.0
73.25,71.5,66.75
80.25,72.75,75.75
79.0,83.75,83.75
66.75,78.5,78.25
68.75,74.25,78.75
79.25,77.25,73.75
47.0,60.0,53.5
73.25,75.75,76.5
78.25,80.0,80.0
66.5,76.0,79.0
71.0,74.5,75.25
79.25,79.25,78.5
72.25,70.75,75.75
79.0,79.0,80.0
75.5,76.75,80.5
80.0,80.0,80.0
71.75,73.25,78.0
79.5,80.0,80.0
65.0,66.0,65.75
80.0,80.0,74.25
61.0,74.0,75.0
61.0,69.0,71.75
52.75,71.25,74.0
60.0,60.5,68.75
69.75,69.0,79.0
76.75,71.0,70.25
70.0,74.5,79.0
73.5,67.25,69.0
71.5,71.5,74.75
70.5,77.25,79.75
67.25,61.5,61.5
21.0,22.0,61.0
79.0,79.0,82.0
78.25,79.5,80.0
61.5,61.0,61.0
67.5,80.0,74.25
80.0,80.0,80.0
76.5,79.75,80.5
57.5,71.25,80.5
80.0,78.25,75.25
79.0,43.0,44.0
80.0,80.0,80.0
76.75,79.0,72.0
80.0,80.0,80.0
71.75,73.0,72.5
79.0,77.0,75.75
75.75,74.75,77.75
76.75,77.5,79.0
80.0,80.0,78.25
79.5,80.0,80.0
53.5,61.5,61.5
50.0,50.0,47.0
80.0,72.0,71.25
72.0,79.0,72.0
51.25,51.25,63.75
80.0,80.0,80.0
61.5,61.5,65.75
72.0,79.5,79.25
80.0,76.75,71.75
79.75,77.0,78.75
80.0,74.0,80.0
80.0,80.0,74.25
65.25,64.5,64.5
80.25,77.25,78.0
79.0,80.0,80.0
54.0,57.0,63.0
79.5,79.75,71.5
80.0,80.0,80.0
55.25,59.25,59.25
49.75,51.0,56.25
80.0,62.75,62.75
80.0,80.0,80.0
80.0,80.0,77.25
68.75,58.75,61.0
61.25,61.75,59.0
80.0,80.0,79.75
40.0,40.0,40.0
66.0,70.5,76.75
77.75,79.0,78.0
71.0,72.75,70.5
79.5,78.0,78.75
69.0,65.75,54.75
57.75,51.25,58.25
69.0,72.5,75.25
75.75,73.75,77.0
52.25,64.75,73.75
80.0,78.0,78.0
76.0,77.75,80.0
56.0,76.0,72.0
59.0,80.0,74.0
80.0,77.25,79.0
80.0,80.0,80.0
77.5,77.5,77.0
81.25,81.5,81.5
80.0,74.5,80.0
79.5,79.5,78.5
48.75,60.0,61.5
75.5,76.0,73.75
77.25,76.25,72.75
60.75,76.25,58.25
81.0,80.0,78.5
59.25,65.75,73.0
79.75,79.75,77.0
64.0,72.75,79.5
78.25,77.5,60.0
48.0,80.0,80.0
67.0,67.0,74.0
74.0,72.75,80.25
80.0,80.0,80.0
65.0,63.0,53.0
79.75,78.5,78.0
79.5,73.75,74.5
59.75,61.0,52.0
80.0,78.0,76.0
80.0,80.0,80.0
80.0,80.0,80.0
66.75,78.5,78.25
67.0,74.25,74.25
78.25,73.25,80.0
79.75,78.5,73.75
78.25,79.5,79.5
47.75,56.0,57.5
23.0,23.0,41.0
79.75,80.0,72.5
80.0,80.0,70.25
80.0,80.0,78.25
79.5,81.0,79.75
78.25,79.0,77.75
77.5,78.25,79.75
71.5,79.75,67.0
77.25,76.75,76.75
78.0,78.75,78.0
75.25,70.0,73.5
56.25,57.0,60.75
77.5,72.75,73.0
72.75,70.25,69.5
80.0,80.0,74.75
80.0,80.0,67.75
10.0,27.0,48.0
64.25,78.5,74.0
80.0,80.0,79.75
80.0,80.0,75.75
55.0,58.75,65.5
72.25,71.25,75.5
80.0,80.0,80.0
80.0,80.0,80.0
45.25,42.0,46.25
61.0,60.5,72.25
79.75,79.0,80.0
75.75,74.75,77.75
55.0,55.0,61.25
65.5,70.5,76.75
38.0,38.0,38.0
78.25,76.75,77.0
67.0,65.0,60.0
66.0,72.5,78.5
80.0,80.0,74.25
64.0,72.75,79.5
80.0,80.0,73.25
62.75,62.75,61.5
76.0,74.0,75.5
59.25,65.75,73.0
68.25,76.0,72.25
64.0,76.0,74.25
80.0,80.0,80.0
70.0,66.0,68.0
68.5,67.25,74.75
66.5,69.0,63.5
66.0,66.0,76.5
80.0,53.0,80.0
77.75,75.5,72.25
63.0,63.0,66.0
74.75,79.0,78.0
73.5,75.0,78.75
78.0,79.5,77.5
80.0,80.0,75.75
80.0,80.0,79.0
80.0,80.0,72.0
79.5,79.75,73.0
77.75,79.0,76.5
80.0,80.0,80.0
75.0,79.75,74.75
31.0,60.0,64.0
76.0,74.25,75.25
80.0,64.25,59.25
80.0,80.0,80.0
73.25,81.25,80.25
61.75,60.75,60.5
71.5,71.5,74.75
71.0,72.5,79.0
69.5,75.75,73.75
66.5,69.5,68.25
77.0,78.25,70.25
75.25,80.0,74.75
80.0,80.0,77.0
80.0,80.0,74.25
74.0,71.5,69.25
80.0,80.0,80.0
75.5,76.75,80.5
80.0,80.0,80.0
80.0,80.0,78.25
80.0,80.0,80.0
65.5,73.5,77.75
76.5,77.25,77.5
80.0,80.0,74.25
63.0,66.75,72.25
80.0,71.25,69.0
72.25,71.0,66.25
67.75,73.75,79.75
80.0,80.0,60.25
76.25,80.0,80.0
66.25,66.75,54.25
74.5,78.25,64.0
56.25,67.5,71.0
80.0,66.75,61.0
62.25,67.5,78.5
82.0,83.25,84.0
65.25,78.25,75.5
75.25,72.5,76.5
76.75,80.0,80.0
64.5,64.75,64.75
80.0,78.0,59.0
80.0,76.75,71.75
62.0,74.0,74.0
73.5,75.75,70.75
79.25,80.0,67.25
72.0,75.75,76.75
68.0,57.75,80.0
79.75,79.75,79.25
65.5,80.0,77.0
80.0,80.0,80.0
67.0,69.0,51.0
75.0,58.25,68.25
79.75,79.75,60.75
79.0,80.0,80.0
74.5,78.25,78.0
80.0,80.0,80.0
80.0,80.0,79.5
71.0,79.75,80.0
51.0,80.0,66.0
73.75,69.5,68.25
84.0,80.5,75.5
80.0,74.5,78.5
75.75,76.0,76.75
74.5,78.25,78.0
80.0,80.0,80.0
67.5,67.5,79.75
80.0,80.0,80.0
80.0,80.0,78.5
77.5,78.75,78.25
47.0,77.75,78.5
76.75,77.25,80.0
80.0,77.0,77.0
71.5,71.5,74.75
78.25,77.75,78.75
78.5,76.0,73.75
71.25,79.5,79.75
60.5,65.5,70.0
68.0,68.0,70.0
80.0,42.0,41.75
78.5,85.75,84.0
59.75,59.75,76.5
80.0,77.0,77.25
64.0,74.5,77.25
77.0,70.25,68.75
79.25,79.25,79.0
41.0,43.25,66.5
68.0,79.0,80.0
80.0,80.0,80.0
67.5,63.0,73.5
80.0,80.0,75.75
80.0,80.0,80.0
73.25,75.0,76.0
76.5,79.75,80.5
68.0,71.25,67.75
66.0,72.5,76.5
80.0,68.0,71.75
80.0,80.0,80.0
80.0,80.0,67.75
63.0,71.5,71.5
80.0,80.0,80.0
80.0,80.0,80.0
80.0,80.0,80.0
76.5,77.75,77.0
72.75,72.75,67.0
80.0,80.0,89.0
78.25,78.5,78.5
76.25,77.25,77.5
82.0,76.0,77.0
79.75,79.75,57.75
13.0,72.75,77.75
65.75,71.5,71.25
74.25,77.25,74.25
80.0,80.0,80.0
77.5,73.75,70.0
23.0,23.0,66.0
64.0,72.5,79.5
73.75,75.75,76.5
80.0,78.0,59.0
80.0,80.0,31.0
75.5,76.75,80.5
80.0,80.0,80.0
79.25,78.25,73.25
77.0,75.75,68.75
71.25,71.75,78.0
80.0,52.0,77.0
58.75,58.75,65.5
58.5,56.25,73.25
76.75,75.75,63.5
71.0,79.75,74.0
75.25,75.25,65.5
64.5,64.75,64.75
78.25,80.0,80.0
79.25,79.25,79.0
69.5,75.75,73.75
80.0,80.0,79.0
63.0,75.25,79.0
80.0,65.0,80.0
57.5,71.25,80.5
70.0,70.0,78.5
34.25,56.0,57.5
78.5,80.0,76.75
73.0,76.0,71.0
80.0,80.0,80.0
60.25,60.5,80.0
58.25,58.75,56.0
80.0,80.0,61.25
79.5,80.75,81.5
80.0,70.0,74.0
66.25,66.75,62.25
80.0,80.0,75.0
80.0,80.0,74.25
26.0,42.0,47.0
75.25,72.5,76.5
59.75,56.5,46.5
80.0,65.0,72.0
71.0,78.5,75.75
66.0,73.0,76.0
73.75,56.0,73.25
80.0,70.5,71.75
81.25,81.5,81.5
75.25,70.0,73.5
78.5,70.0,74.0
72.75,69.0,69.0
79.0,79.25,78.5
54.0,63.0,53.0
66.0,65.75,78.5
30.0,65.0,80.0
80.0,80.0,68.0
84.0,80.0,78.5
69.0,65.5,66.5
5.0,5.0,77.5
80.0,80.0,80.0
80.0,80.0,80.0
80.0,80.0,80.0
80.0,75.0,72.75
73.25,72.75,59.25
73.5,70.0,75.5
67.25,60.0,60.5
69.0,79.0,78.75
80.0,80.0,80.0
80.0,80.0,73.0
80.0,80.0,77.0
71.0,79.75,74.0
72.75,70.25,69.5
80.0,80.0,80.0
73.0,73.0,73.0
55.5,61.5,65.75
52.75,62.75,70.0
73.75,72.25,80.25
66.75,80.25,78.25
79.75,79.75,77.0
80.0,80.0,68.5
61.0,70.5,71.75
74.0,57.0,57.5
54.75,53.75,61.0
79.25,72.0,67.0
79.0,79.25,78.5
80.0,64.75,51.75
73.25,72.75,79.75
72.0,68.25,78.0
71.0,77.5,77.5
53.5,57.5,61.0
71.25,77.5,77.5
62.25,63.5,65.75
73.25,75.5,73.25
79.0,79.0,80.0
79.25,77.75,79.5
66.75,59.0,72.75
80.0,80.0,80.0
59.0,69.5,68.25
61.75,61.75,71.5
62.25,63.0,72.0
78.75,79.0,79.0
74.0,75.75,73.75
80.0,33.0,74.0
80.0,80.0,80.0
79.5,80.0,80.0
79.5,79.5,79.25
76.0,71.0,73.0
79.5,77.5,75.75
74.0,60.5,73.25
80.0,80.0,76.0
76.0,77.75,68.5
59.75,60.0,53.5
76.75,78.25,78.0
79.0,83.75,78.75
80.0,80.0,68.25
72.0,72.75,71.75
80.0,80.0,79.75
75.0,75.0,74.0
76.25,77.0,78.25
80.0,79.75,80.0
62.0,9.0,80.0
69.5,56.25,77.0
69.5,62.5,68.0
80.0,80.0,79.0
79.25,77.25,73.75
80.0,80.0,52.0
80.0,62.0,77.75
80.0,72.75,77.0
72.5,72.5,71.5
79.0,79.25,78.5
59.25,65.75,73.0
66.0,65.75,73.0
80.0,80.0,80.0
80.0,80.0,80.0
62.75,75.75,74.75
62.5,71.75,61.5
71.0,71.0,71.25
79.0,78.0,77.0
76.5,64.25,59.25
63.25,63.75,56.25
66.5,70.5,71.75
61.0,69.25,69.25
74.75,74.5,74.75
80.0,80.0,80.0
65.5,62.75,75.75
84.0,84.0,84.0
2.0,2.0,67.5
78.25,63.25,74.25
67.0,67.0,78.0
55.0,55.0,61.25
76.0,74.25,75.25
76.75,77.5,79.0
80.0,74.0,77.0
79.5,60.5,79.25
71.25,76.0,71.25
78.5,79.0,79.25
76.0,75.0,79.0
76.75,81.75,79.0
75.5,59.25,76.75
79.75,78.5,78.0
75.5,76.75,80.5
61.75,60.75,60.5
69.5,52.0,77.0
79.5,70.0,73.25
66.0,80.0,79.75
80.0,78.0,77.75
77.5,79.0,63.75
81.0,80.75,82.75
79.0,79.0,80.0
75.0,76.0,66.0
79.5,79.5,78.5
76.0,77.75,68.5
80.0,80.0,76.5
48.75,60.0,61.5
68.0,68.0,71.0
73.25,76.0,73.25
9.0,12.0,3.0
79.5,64.0,74.75
34.25,55.75,58.0
71.0,72.75,78.0
80.0,80.0,73.0
66.25,71.0,70.0
59.25,65.75,73.0
81.0,65.75,81.0
61.0,63.0,53.0
67.5,68.0,68.0
67.0,73.5,74.75
80.0,80.0,79.0
80.0,80.0,50.0
80.0,66.75,60.0
75.0,74.25,78.75
73.75,75.75,76.75
75.75,80.0,80.0
78.25,73.25,80.0
80.0,69.5,67.25
79.5,79.75,73.0
62.0,62.0,48.0
80.0,80.0,80.0
80.0,80.0,80.0
78.25,79.5,79.5
60.25,60.5,80.0
71.0,79.75,74.75
78.0,79.0,79.25
74.5,78.25,78.25
71.0,77.25,76.5
78.25,76.75,77.0
25.0,25.0,52.0
61.5,61.0,61.0
73.0,71.0,75.0
66.25,63.75,79.75
64.75,76.0,76.25
71.5,71.5,69.25
72.5,69.75,78.75
74.5,78.25,78.25
80.0,80.0,80.0
78.0,79.0,79.0
56.0,72.0,75.0
80.0,80.0,80.0
79.25,78.5,74.25
74.5,78.25,78.25
79.0,79.0,79.0
66.25,71.75,70.5
80.0,80.0,80.0
68.5,59.0,68.5
75.25,78.5,73.5
90.0,61.0,50.0
80.0,80.0,70.0
75.0,69.0,79.0
59.5,60.0,61.5
80.0,80.0,60.0
79.5,80.0,79.75
50.0,50.0,50.0
65.25,69.5,68.25
79.5,80.0,78.5
56.0,56.0,60.75
79.5,84.25,84.0
60.0,64.0,64.0
60.75,75.75,77.75
69.25,73.5,76.75
78.25,60.0,53.25
79.75,79.75,77.0
67.5,80.0,74.25
80.0,67.25,73.5
80.0,80.0,80.0
56.25,57.0,60.75
64.75,79.0,79.25
79.75,77.75,75.25
73.75,74.75,79.75
71.25,77.5,77.5
73.75,55.0,61.0
66.5,69.5,68.25
79.75,79.75,77.0
83.75,80.25,79.25
75.75,75.5,70.5
80.0,65.5,71.5
71.0,79.75,83.0
78.75,77.75,79.75
62.75,65.25,65.25
78.0,79.25,80.0
78.5,79.25,67.0
52.0,52.0,52.0
79.5,80.0,80.0
80.0,75.75,68.25
80.0,80.0,79.0
78.5,77.5,79.75
78.0,79.0,79.25
79.5,80.0,78.5
22.0,77.0,78.0
45.0,79.75,79.75
77.5,78.5,75.0
71.5,70.0,73.5
80.0,67.5,75.0
79.5,80.0,80.0
65.5,61.75,57.75
60.75,67.25,77.75
76.25,80.0,80.0
62.5,71.75,61.5
80.0,80.0,61.75
77.0,79.75,72.5
78.75,80.0,67.75
78.5,66.5,73.75
79.75,80.0,72.5
63.75,59.25,59.25
80.0,80.0,80.0
80.0,80.0,79.0
71.5,79.75,78.25
64.75,76.0,76.25
80.0,80.0,80.0
76.75,80.0,80.0
66.0,65.75,73.0
77.5,78.25,79.75
80.0,80.0,79.5
58.0,63.0,70.5
76.75,79.25,76.5
70.0,63.0,62.0
72.25,69.75,72.75
79.5,77.5,78.0
66.5,77.0,79.25
79.0,79.25,78.5
78.75,74.0,72.0
52.0,78.0,62.25
72.75,75.75,74.75
58.25,58.25,55.5
80.0,80.0,80.0
80.0,76.75,74.5
24.0,24.0,35.0
80.0,80.0,80.0
69.0,67.0,67.0
68.0,71.0,73.0
77.0,66.75,78.25
33.0,58.0,80.0
79.75,79.75,77.0
73.75,69.5,79.75
6.0,6.0,6.0
73.75,72.0,72.25
71.0,77.25,76.5
80.0,80.0,80.0
74.0,72.0,70.25
80.0,80.0,60.75
69.0,79.0,72.0
65.75,65.0,76.75
69.0,72.5,76.75
80.0,80.0,78.25
80.0,80.0,80.0
48.0,33.0,80.0
79.5,76.75,80.0
78.0,79.25,80.0
81.0,80.0,78.5
67.0,72.5,74.25
78.0,72.0,78.0
78.75,79.0,79.0
74.5,78.25,78.0
80.0,66.0,79.0
80.0,80.0,80.0
80.0,74.5,72.5
80.0,80.0,80.0
80.0,80.0,80.0
71.75,70.25,70.25
78.75,79.75,78.0
60.5,65.5,70.0
80.0,80.0,78.25
80.0,80.0,76.0
71.5,70.0,73.5
77.25,73.75,79.75
70.0,74.5,79.0
72.5,72.0,68.25
79.75,79.25,80.25
80.0,80.0,60.75
55.0,55.0,61.25
80.0,80.0,80.0
77.75,77.75,71.5
71.75,77.75,80.0
80.0,80.0,80.0
79.0,80.0,80.0
79.25,79.25,79.0
62.25,66.75,72.0
70.0,80.0,80.0
50.5,63.75,79.75
60.75,67.25,78.0
73.5,75.0,76.25
79.0,80.0,61.0
64.75,76.0,70.75
80.0,65.25,67.0
80.0,80.0,79.75
80.0,80.0,80.0
74.0,66.75,61.0
77.0,74.25,77.0
80.0,80.0,80.0
79.0,84.0,79.0
80.0,80.0,72.75
80.0,80.0,79.0
73.5,79.0,80.0
37.0,37.0,8.0
77.75,81.0,74.25
68.5,67.75,77.5
60.5,65.5,70.0
80.0,73.25,66.0
61.75,61.5,66.0
81.25,81.5,81.5
80.0,79.5,59.0
76.5,70.25,72.25
56.25,57.0,60.75
54.25,59.5,59.5
65.5,80.0,77.5
73.0,60.0,76.0
80.0,71.25,75.75
61.0,53.0,52.0
79.5,77.25,78.0
76.75,80.0,80.0
80.0,80.0,80.0
64.25,77.25,74.5
79.75,79.75,79.25
80.0,79.0,79.25
80.0,80.0,67.0
79.5,79.5,78.5
80.0,80.0,73.25
77.75,73.25,74.0
62.25,56.5,56.5
64.75,80.0,78.0
80.0,80.0,80.0
56.0,65.0,67.0
68.0,68.0,67.25
29.0,61.75,60.75
66.5,67.25,65.75
78.25,80.0,80.0
61.5,75.75,74.0
80.0,78.25,80.0
79.5,80.0,80.0
80.0,80.0,80.0
80.0,80.0,80.0
80.0,71.5,74.0
76.75,73.5,68.25
80.0,80.0,80.0
78.75,79.0,76.5
76.75,73.25,73.0
77.0,83.25,84.0
78.25,73.25,80.0
9.0,49.0,54.0
64.0,63.0,66.0
80.0,80.0,60.75
77.25,77.25,78.25
56.0,56.25,73.25
80.0,80.0,80.0
64.5,77.25,74.5
54.5,64.75,73.0
77.0,80.0,80.0
78.25,77.5,66.0
80.0,80.0,78.75
80.0,79.0,80.0
80.0,80.0,80.0
78.0,78.75,78.0
80.0,80.0,80.0
72.75,72.75,70.25
80.0,75.75,74.75
80.0,80.0,79.75
80.0,80.0,80.0
68.0,70.0,63.0
56.25,57.0,60.75
80.0,80.0,80.0
79.25,77.75,70.25
42.25,39.75,42.0
79.0,79.0,76.5
77.25,77.75,72.5
80.0,80.0,85.5
47.0,42.0,41.75
67.25,78.5,61.5
65.75,80.0,79.0
75.25,70.0,73.5
80.0,80.0,80.0
79.25,79.25,80.0
76.75,80.0,79.5
70.0,65.0,60.25
80.0,74.0,60.75
75.25,71.25,75.75
79.75,74.25,65.75
69.0,76.0,76.0
78.0,76.0,74.0
62.25,67.75,78.5
80.0,80.0,79.0
73.75,76.25,76.25
85.25,85.0,84.0
75.75,74.25,69.0
80.0,80.0,60.75
46.0,73.25,74.5
67.75,73.75,79.75
80.0,78.0,78.0
75.5,78.0,78.0
79.25,73.25,75.0
76.0,77.75,68.5
68.0,54.0,55.0
80.0,74.0,80.0
79.5,79.75,78.5
76.75,78.25,80.0
80.0,79.5,78.25
70.5,73.75,79.75
80.0,80.0,80.0
80.0,80.0,79.75
67.0,74.25,73.25
76.75,80.0,80.0
71.5,71.5,74.75
22.0,23.0,23.0
80.0,80.0,80.0
80.0,78.25,77.75
80.25,72.75,75.75
77.75,78.5,70.5
58.5,55.5,79.0
71.75,79.75,79.75
79.5,80.0,77.25
75.0,80.0,73.75
68.75,75.25,74.0
79.5,79.25,65.75
78.0,77.75,78.75
61.75,61.5,66.0
72.0,61.0,62.0
73.25,75.75,67.0
76.0,77.75,79.5
79.75,79.75,57.75
65.75,66.25,71.25
72.25,71.0,66.25
80.0,80.0,80.0
41.5,56.25,46.25
80.0,80.0,76.75
79.5,80.0,77.25
67.0,80.0,80.0
76.75,80.0,80.0
55.0,66.0,79.0
70.0,74.5,79.0
77.0,78.5,78.5
80.0,80.0,80.0
79.5,79.5,78.5
80.0,80.0,80.0
73.75,69.5,79.75
76.0,77.75,68.5
56.75,59.75,63.5
80.0,80.0,80.0
76.75,77.25,80.0
49.0,55.5,59.0
79.75,79.75,77.0
79.5,80.0,78.5
50.25,51.5,54.75
80.0,79.0,74.75
79.25,77.75,70.25
79.5,79.25,78.5
80.25,72.75,75.75
77.75,79.25,81.5
80.0,80.0,80.0
80.0,80.0,76.5
78.75,78.75,79.0
47.0,47.0,62.0
72.0,75.25,79.75
61.5,60.0,59.25
78.75,80.0,78.0
79.0,83.75,83.75
71.0,77.25,76.5
65.25,69.5,68.25
67.75,73.75,79.75
71.75,75.5,72.25
78.25,80.0,80.0
74.5,74.25,74.25
80.0,80.0,80.0
80.0,80.0,76.0
80.0,80.0,80.0
71.75,80.0,80.0
80.0,80.0,80.0
71.0,77.25,76.5
81.5,81.5,81.5
78.5,61.5,55.25
79.5,79.25,65.75
79.5,80.0,80.0
71.25,75.75,73.75
80.0,73.0,71.0
80.0,80.0,80.0
80.0,80.0,80.0
56.25,57.0,60.75
80.0,79.25,80.0
79.25,77.75,70.25
80.0,80.0,80.0
80.0,80.0,74.75
80.0,80.0,80.0
79.0,79.0,78.0
80.0,80.0,80.0
4.0,4.0,4.0
61.0,61.0,79.75
80.0,78.0,76.0
73.5,69.5,68.25
67.0,74.25,74.25
56.5,59.0,63.25
67.25,63.0,72.0
65.0,67.0,69.0
72.5,77.5,72.5
65.75,77.5,79.0
2.0,2.0,80.0
70.0,74.5,79.0
67.5,68.0,68.0
79.5,79.75,73.0
54.5,55.25,55.75
50.25,64.0,79.0
79.0,71.0,79.0
80.0,80.0,80.0
78.25,78.0,68.0
80.0,80.0,80.0
78.25,79.5,80.0
69.0,77.0,77.75
76.75,81.75,79.0
78.5,75.0,75.75
80.0,80.0,80.0
80.0,80.0,75.0
80.0,80.0,76.25
59.25,65.75,73.0
70.0,80.0,80.0
56.25,61.0,61.0
80.0,80.0,80.0
45.75,45.5,62.25
69.25,79.75,80.0
63.0,83.0,60.75
66.0,72.5,78.5
74.5,74.25,74.25
80.0,73.0,10.0
58.25,59.25,57.5
62.25,61.5,59.0
80.0,79.0,80.0
70.0,74.5,79.0
72.75,66.25,70.75
81.0,81.0,80.0
66.75,59.0,72.75
80.0,74.0,60.75
40.0,33.0,26.0
79.5,77.5,76.25
52.0,63.75,73.75
62.75,70.25,74.75
74.25,77.5,77.5
75.0,80.0,80.0
80.0,80.0,80.0
69.0,63.25,72.25
63.25,72.5,76.75
80.0,79.75,80.0
76.75,74.25,79.5
67.5,78.0,79.25
80.0,76.75,71.75
65.5,57.25,57.0
79.5,79.5,78.5
80.0,80.0,79.0
69.5,52.0,77.0
80.0,80.0,80.0
64.75,79.75,71.5
80.0,80.0,79.0
80.0,80.0,80.0
80.0,80.0,80.0
79.25,79.25,79.0
15.0,15.0,80.0
53.25,61.5,61.5
80.0,80.0,80.0
73.75,72.0,66.75
30.0,58.0,72.0
64.25,79.5,74.75
74.5,71.5,76.5
80.0,80.0,78.75
71.0,58.0,78.0
65.0,76.0,80.0
67.0,67.0,58.0
75.25,73.25,73.0
71.5,71.5,74.75
80.0,73.25,80.0
76.0,79.0,76.5
79.5,80.0,78.5
48.75,60.0,60.5
80.0,80.0,80.0
77.75,79.0,76.5
61.5,77.5,78.25
72.75,68.75,70.75
63.0,70.25,74.75
73.75,69.5,79.75
73.25,75.0,75.5
73.25,67.0,64.75
78.25,73.25,80.0
80.0,80.0,79.75
75.0,74.25,79.0
79.25,77.5,77.5
78.0,79.0,80.0
79.75,79.75,60.75
80.0,80.0,79.75
78.5,80.0,70.5
80.0,80.0,78.5
79.5,79.25,71.5
66.75,64.5,72.75
62.25,63.0,60.0
66.0,70.5,76.75
80.0,80.0,80.0
72.5,70.75,69.0
80.0,72.5,80.0
58.25,58.75,58.5
75.75,79.0,73.25
72.25,59.0,73.0
69.25,52.0,77.0
63.0,80.0,80.0
80.0,80.0,74.75
67.5,68.0,68.0
80.0,80.0,80.0
72.0,68.25,61.0
80.0,80.0,79.75
67.5,67.25,74.75
78.0,79.0,79.0
72.75,72.75,70.5
56.75,59.75,66.0
80.0,79.0,80.0
76.75,76.75,74.5
79.0,79.25,78.5
57.0,62.0,59.0
79.25,79.0,79.25
80.0,66.5,66.5
76.75,81.75,79.0
60.75,66.5,66.5
80.0,80.0,78.0
58.5,60.5,79.0
75.75,73.75,74.5
79.75,79.75,57.75
78.25,63.25,73.25
72.5,70.5,71.75
73.0,73.0,70.0
80.0,80.0,80.0
78.5,79.0,79.25
49.0,75.0,75.0
23.0,46.0,66.0
76.0,77.75,68.5
80.0,80.0,80.0
60.75,65.25,72.0
59.0,69.5,68.25
80.0,79.5,80.0
66.25,80.0,80.0
72.75,68.25,74.75
79.75,77.75,75.75
80.0,80.0,80.0
78.25,73.25,80.0
79.75,79.75,77.0
68.25,68.0,72.0
80.0,80.0,72.0
75.75,74.25,64.5
74.0,73.0,78.75
74.0,71.75,57.25
70.25,67.5,70.5
80.0,80.0,80.0
7.0,7.0,61.25
69.25,77.75,75.75
58.25,58.75,56.0
80.0,80.0,67.0
58.25,56.75,63.75
64.75,64.25,64.25
65.5,79.25,72.75
79.5,80.0,80.0
72.75,69.0,63.5
77.0,79.0,76.5
80.0,80.0,70.75
71.25,71.75,79.5
80.0,80.0,75.0
66.0,65.75,73.0
16.0,64.0,57.0
80.0,80.0,74.25
73.75,49.0,77.0
71.5,71.5,74.75
79.0,77.5,77.5
80.0,80.0,81.0
80.0,77.0,80.0
77.25,76.25,75.25
74.75,71.25,78.5
62.25,61.5,60.0
80.0,80.0,80.0
63.0,63.0,60.0
74.5,81.75,81.75
80.0,80.0,80.0
70.5,71.25,74.75
80.0,80.0,79.0
79.5,79.75,73.0
61.75,61.75,61.25
80.0,79.0,80.0
16.0,16.0,15.0
61.0,61.0,73.75
79.0,76.5,66.5
45.75,45.5,66.0
75.5,76.75,80.5
67.75,73.75,79.75
65.25,61.0,80.0
78.0,80.0,76.0
79.0,77.0,67.0
70.0,74.5,79.0
80.0,80.0,34.0
80.0,80.0,80.0
59.0,69.5,68.25
80.0,80.0,74.75
70.0,72.75,72.0
70.75,75.25,73.75
78.5,73.0,78.25
82.25,83.0,66.75
70.0,80.0,79.0
72.25,67.75,75.5
76.75,80.0,80.0
46.5,49.75,66.0
69.25,69.0,79.25
60.5,46.0,70.0
77.25,78.75,76.0
74.0,68.75,66.5
59.25,60.0,53.25
60.0,64.0,64.0
80.0,80.0,78.25
79.5,80.0,78.5
73.75,76.25,76.25
80.0,71.25,71.75
73.75,72.75,76.75
80.0,79.5,75.75
80.0,80.0,80.0
79.5,80.0,67.75
75.25,75.25,79.75
67.5,67.25,74.75
61.5,61.0,61.0
45.75,45.5,66.0
62.0,61.25,64.5
67.0,73.5,76.25
80.0,80.0,80.0
78.5,79.75,73.75
78.25,74.75,78.5
80.0,76.5,66.5
73.25,72.75,78.25
80.0,80.0,77.0
79.75,79.25,79.0
76.75,81.75,84.0
80.0,80.0,80.0
70.25,67.5,70.5
80.0,80.0,80.0
81.25,81.5,81.5
71.0,61.5,62.0
80.0,80.0,80.0
70.0,80.0,79.0
41.5,54.75,77.75
71.0,79.75,77.75
76.25,72.0,67.0
75.75,73.75,74.5
76.0,79.0,76.5
6.0,6.0,23.0
80.0,77.0,76.75
71.0,77.25,76.5
88.0,75.25,75.25
71.5,70.0,73.5
81.0,80.0,78.5
66.75,78.5,78.25
80.0,72.75,76.75
80.0,80.0,80.0
66.0,65.75,78.5
80.0,80.0,80.0
79.25,78.0,75.25
81.25,81.5,81.5
81.25,81.5,81.5
80.0,80.0,80.0
35.0,5.0,5.0
78.75,76.75,78.25
79.5,79.5,78.5
81.75,81.5,78.75
71.25,78.25,71.25
80.0,80.0,80.0
64.25,79.5,74.75
77.25,77.75,72.5
80.0,80.0,80.0
80.0,80.0,80.0
81.75,81.75,79.0
80.0,80.0,78.25
80.0,78.5,77.5
70.0,70.5,66.75
78.0,77.75,78.75
80.0,80.0,80.0
55.0,65.0,65.0
80.0,80.0,80.0
80.0,80.0,80.0
75.5,75.5,78.75
78.25,80.0,80.0
80.0,80.0,80.0
78.25,80.0,80.0
78.0,80.0,75.0
50.0,50.0,80.0
79.0,79.0,79.75
56.25,57.0,60.0
78.75,79.0,79.25
78.75,79.0,79.25
84.75,84.25,85.25
69.5,79.75,73.75
80.0,80.0,80.0
64.25,75.25,79.0
72.75,72.75,72.0
44.5,44.5,61.25
68.75,67.5,71.25
49.75,51.0,59.0
66.5,69.0,69.0
64.5,52.0,76.5
80.0,67.0,65.0
78.25,77.75,79.5
80.25,79.25,68.5
77.25,73.75,79.75
80.0,80.0,74.25
65.25,65.25,65.5
69.0,70.25,52.0
80.0,70.5,71.75
80.0,80.0,80.0
80.0,80.0,80.0
78.0,60.25,80.0
64.0,59.0,72.75
73.0,80.0,80.0
71.0,71.25,71.5
50.5,64.0,79.0
80.0,76.0,70.5
66.0,66.0,78.0
63.0,75.25,79.0
63.5,63.5,68.25
80.0,80.0,80.0
80.0,79.0,79.0
53.5,61.5,61.5
80.0,80.0,80.0
61.75,76.0,58.0
82.5,74.25,71.5
50.0,50.0,78.5
68.5,71.25,80.5
41.0,46.0,70.0
67.0,60.0,58.5
80.0,80.0,76.5
56.5,56.75,55.5
80.0,80.0,80.0
80.0,80.0,79.75
7.0,7.0,25.0
71.25,79.0,76.5
80.0,80.0,57.0
80.0,79.0,79.0
62.25,67.5,78.5
71.0,78.5,78.0
80.0,80.0,80.0
73.0,70.25,68.75
59.75,75.75,75.75
80.0,80.0,74.0
80.0,80.0,80.0
74.5,64.0,64.0
79.75,79.5,75.75
79.75,80.0,78.75
80.0,67.25,78.5
80.0,80.0,80.0
83.75,83.5,82.5
80.0,78.0,77.5
79.25,78.75,78.5
62.25,72.5,79.5
62.0,58.0,59.5
76.0,77.0,79.25
66.0,61.25,58.25
67.0,65.75,64.0
71.5,70.0,73.5
77.25,73.75,79.75
74.0,84.0,63.5
62.0,64.0,64.0
75.75,71.25,75.75
80.0,80.0,80.0
78.5,67.25,77.0
80.0,80.0,80.0
77.25,77.25,76.0
67.75,80.0,80.0
76.25,72.0,67.0
75.75,75.75,76.25
80.0,80.0,80.0
75.25,77.5,72.0
62.0,74.25,74.25
63.0,80.0,80.0
80.0,80.0,79.5
80.0,80.0,80.0
80.0,79.5,59.0
79.75,78.5,73.75
59.0,60.5,80.0
60.5,46.0,70.0
77.0,74.0,74.0
61.0,61.0,44.5
80.0,80.0,79.0
